{
    "IC81.1": "Нет доступа к почте",
    "IC81.2": "Нет доступа к Git",
    "IC81.3": "Не работает впн",
    "IC82.1": "Не работает комп",
    "IC82.2": "Как открыть бизнес",
    "IC82.3": "Рецепт борща",
    "VOLNA1.1": "Как оплатить счета",
    "VOLNA1.2": "У кого взять Сим-ку",
    "VOLNA1.3": "Регистрация номера",
    "VOLNA2": "Коммерсанты",
    "WIN1": "Группа разработки",
    "WIN2": "Коммерсанты",
    "ICS1": "Группа разработки",
    "ICS2": "Комерсанты"
}